version,mot,taille_octets,min_us,moyenne_us,mediane_us,ecart_type_us,max_us
string,debut,6711,16.90,17.62,17.10,2.12,33.80
scratch,debut,6711,0.00,0.07,0.10,0.05,0.10
string,fin,6711,17.70,17.94,17.80,0.73,24.10
scratch,fin,6711,32.90,33.18,33.10,0.72,40.10
string,absent,6711,17.40,17.50,17.50,0.41,22.00
scratch,absent,6711,32.30,32.75,32.50,1.59,50.90
string,debut,67110,195.60,213.13,200.10,37.08,504.30
scratch,debut,67110,0.00,0.06,0.10,0.05,0.10
string,fin,67110,190.00,203.17,198.30,18.93,360.00
scratch,fin,67110,32.10,34.34,32.20,5.04,78.00
string,absent,67110,191.70,195.30,194.00,6.15,260.80
scratch,absent,67110,316.70,342.68,340.60,25.49,571.40
string,debut,671100,1641.50,1693.92,1675.00,87.69,2321.00
scratch,debut,671100,0.00,0.07,0.10,0.05,0.10
string,fin,671100,1635.40,1685.08,1682.10,40.58,2079.90
scratch,fin,671100,31.30,31.50,31.40,0.37,34.90
string,absent,671100,1671.50,1736.88,1714.80,67.17,2181.30
scratch,absent,671100,3121.50,3288.13,3234.60,154.23,4166.60
string,debut,6711000,17360.80,18094.28,17775.10,1099.69,24410.50
scratch,debut,6711000,0.00,0.07,0.10,0.05,0.20
string,fin,6711000,17356.10,19082.83,18448.90,2129.84,32274.00
scratch,fin,6711000,32.20,32.53,32.30,1.26,46.80
string,absent,6711000,17999.10,25315.24,23804.70,6705.72,50507.00
scratch,absent,6711000,31969.40,49791.54,49497.40,9792.81,83111.70
